[
    {
        "name": "ReactJS",
        "icon": "https://img.icons8.com/external-tal-revivo-color-tal-revivo/48/000000/external-react-a-javascript-library-for-building-user-interfaces-logo-color-tal-revivo.png"
    },
    
    

    {
        "name": "Android",
        "icon": "https://img.icons8.com/fluency/48/000000/android-os.png"
    },
    
    
    {
        "name": "TailwindCSS",
        "icon": "https://upload.wikimedia.org/wikipedia/commons/thumb/d/d5/Tailwind_CSS_Logo.svg/48px-Tailwind_CSS_Logo.png"
    },
    {
        "name": "Bootstrap",
        "icon": "https://img.icons8.com/color/48/000000/bootstrap.png"
    },
    
    {
        "name": "HTML5",
        "icon": "https://img.icons8.com/color/48/000000/html-5--v1.png"
    },
    {
        "name": "CSS3",
        "icon": "https://img.icons8.com/color/48/000000/css3.png"
    },
    {
        "name": "JavaScript",
        "icon": "https://img.icons8.com/color/48/000000/javascript--v1.png"
    },
    {
        "name": "Java",
        "icon": "https://img.icons8.com/color/48/000000/java-coffee-cup-logo--v1.png"
    },
    
    {
        "name": "PHP",
        "icon": "https://img.icons8.com/offices/48/000000/php-logo.png"
    },
    
    
    
    {
        "name": "MySQL",
        "icon": "https://img.icons8.com/color/48/000000/mysql-logo.png"
    },
    
    
    
    
    
    
    
    {
        "name": "GitHub",
        "icon": "https://img.icons8.com/glyph-neue/48/ffffff/github.png"
    },
    {
        "name": "WordPress",
        "icon": "https://img.icons8.com/color/48/000000/wordpress.png"
    }    
]